202001,202069,202089,202072,202070,202077,202049,202082,202052,202081,202093,202066,202034,202092,202010,202051,202018,202014,202062,202017,202061,202071,202086,202030,202080,202087,202031,202064,202025,202026,202076,202095,202063,202019,202108,202022,202091,202041,202058,202105,202060,202053,202021,202016,202040,202079,202028,202036,202104,202107,202048,202032,202074,202090,202006,202038,202012,202007,202039,202067,202068,202057,202011,202003,202109,202096,202013,202033,202102,202002,202050,202042,202043,202097,202088,202046,202084,202008,202056,202106,202045,202005,202073,202075,202101,202023,202099,202047,202029,202098,202059,202037,202054,202085,202004,202078,202035,202065,202044,202020,202083,202015,202024,202100,202094,202027
202002,202106,202038,202003,202005,202028,202047,202012,202060,202037,202101,202040,202053,202016,202063,202050,202076,202025,202057,202054,202074,202085,202026,202082,202036,202042,202014,202108,202033,202021,202051,202098,202073,202010,202109,202045,202022,202032,202004,202071,202043,202081,202088,202034,202072,202083,202102,202062,202008,202044,202031,202064,202065,202052,202013,202059,202056,202080,202086,202077,202104,202006,202058,202020,202069,202007,202105,202067,202099,202068,202035,202075,202041,202017,202093,202096,202029,202046,202048,202107,202061,202094,202091,202024,202011,202030,202019,202066,202087,202023,202095,202089,202001,202092,202018,202078,202097,202027,202049,202070,202090,202084,202039,202015,202079,202100
202003,202005,202042,202038,202002,202106,202036,202028,202016,202014,202050,202060,202010,202057,202034,202053,202063,202037,202047,202105,202012,202101,202081,202040,202108,202032,202054,202082,202076,202025,202031,202074,202052,202026,202072,202073,202021,202043,202051,202068,202033,202083,202085,202104,202086,202064,202080,202062,202098,202071,202022,202008,202077,202004,202069,202045,202058,202099,202013,202044,202109,202059,202067,202065,202088,202017,202006,202056,202011,202007,202087,202102,202091,202066,202030,202107,202096,202001,202093,202035,202041,202049,202018,202089,202046,202075,202048,202061,202019,202020,202094,202029,202092,202024,202070,202095,202090,202023,202078,202097,202039,202027,202084,202015,202079,202100
202004,202085,202044,202008,202020,202024,202033,202054,202045,202013,202029,202050,202073,202075,202106,202056,202035,202094,202007,202006,202038,202108,202002,202027,202028,202012,202065,202109,202074,202032,202023,202053,202016,202067,202021,202022,202063,202057,202104,202076,202102,202088,202059,202107,202047,202048,202060,202101,202005,202025,202099,202046,202078,202064,202062,202097,202040,202043,202041,202003,202036,202031,202037,202026,202068,202051,202011,202091,202084,202083,202096,202058,202071,202080,202077,202017,202019,202086,202030,202082,202014,202015,202072,202034,202039,202098,202010,202061,202087,202095,202066,202052,202042,202100,202081,202092,202093,202069,202089,202090,202018,202079,202070,202049,202105,202001
202005,202101,202038,202047,202003,202042,202002,202037,202028,202106,202054,202060,202050,202073,202016,202043,202063,202021,202053,202032,202014,202098,202065,202057,202040,202076,202010,202036,202074,202059,202026,202085,202012,202108,202034,202045,202099,202031,202025,202086,202044,202052,202083,202022,202080,202082,202004,202105,202081,202033,202068,202088,202051,202056,202064,202109,202008,202067,202071,202094,202062,202013,202102,202072,202058,202104,202077,202035,202046,202006,202020,202096,202007,202011,202069,202017,202041,202091,202075,202029,202030,202093,202024,202048,202018,202061,202107,202027,202087,202066,202015,202019,202089,202078,202001,202090,202023,202070,202095,202049,202092,202084,202097,202039,202079,202100
202006,202007,202048,202075,202013,202091,202029,202008,202041,202067,202056,202084,202064,202045,202022,202107,202033,202076,202108,202097,202062,202102,202039,202046,202104,202021,202063,202017,202011,202061,202032,202031,202058,202023,202080,202074,202050,202088,202078,202096,202077,202030,202073,202035,202028,202060,202071,202004,202086,202026,202019,202051,202109,202024,202089,202053,202044,202020,202025,202016,202068,202095,202090,202092,202038,202059,202099,202072,202066,202079,202043,202034,202087,202012,202070,202106,202082,202052,202054,202085,202018,202065,202002,202014,202040,202010,202015,202093,202057,202069,202100,202101,202036,202047,202081,202005,202001,202003,202027,202037,202094,202049,202098,202042,202083,202105
202007,202006,202048,202013,202008,202107,202029,202075,202033,202041,202062,202097,202108,202067,202091,202023,202084,202022,202045,202064,202104,202017,202056,202039,202021,202076,202102,202061,202030,202077,202046,202019,202050,202011,202063,202032,202031,202004,202074,202071,202080,202109,202058,202051,202095,202053,202025,202024,202028,202087,202089,202020,202078,202060,202073,202016,202026,202066,202092,202088,202096,202035,202044,202086,202012,202038,202068,202072,202085,202079,202054,202099,202034,202106,202057,202040,202059,202082,202070,202090,202093,202043,202002,202052,202014,202036,202018,202010,202065,202069,202100,202015,202101,202049,202081,202001,202003,202027,202047,202005,202094,202037,202098,202042,202083,202105
202008,202033,202013,202007,202004,202045,202006,202075,202050,202029,202108,202104,202044,202067,202073,202107,202024,202056,202048,202032,202085,202021,202020,202054,202064,202035,202062,202076,202022,202074,202091,202023,202063,202028,202038,202016,202011,202041,202053,202106,202097,202031,202068,202046,202109,202102,202012,202060,202099,202025,202084,202017,202078,202058,202057,202059,202002,202088,202065,202080,202051,202030,202026,202077,202071,202043,202096,202019,202036,202039,202040,202086,202087,202094,202061,202034,202003,202072,202027,202005,202066,202101,202047,202014,202095,202082,202089,202010,202052,202092,202037,202015,202090,202069,202079,202093,202081,202018,202100,202083,202070,202049,202098,202042,202001,202105
202010,202034,202014,202081,202082,202052,202026,202063,202086,202060,202072,202080,202031,202076,202028,202069,202051,202077,202021,202064,202032,202038,202062,202074,202108,202001,202003,202105,202016,202022,202053,202025,202071,202018,202042,202058,202040,202043,202002,202093,202036,202005,202050,202089,202017,202101,202070,202012,202068,202106,202061,202067,202057,202047,202096,202030,202066,202091,202104,202049,202041,202037,202088,202098,202073,202102,202087,202006,202011,202033,202013,202092,202109,202056,202007,202054,202059,202099,202045,202090,202048,202008,202046,202019,202095,202107,202065,202085,202039,202004,202075,202079,202035,202044,202084,202029,202097,202083,202023,202020,202078,202015,202024,202094,202027,202100
202011,202067,202058,202068,202032,202064,202096,202090,202031,202104,202006,202099,202074,202080,202091,202076,202043,202046,202048,202007,202078,202021,202035,202073,202050,202013,202008,202063,202018,202056,202075,202059,202079,202039,202034,202045,202108,202060,202026,202084,202017,202086,202062,202088,202033,202052,202028,202102,202044,202089,202029,202107,202061,202041,202077,202015,202022,202070,202065,202030,202014,202010,202072,202106,202054,202097,202038,202004,202051,202081,202071,202016,202082,202101,202024,202047,202066,202053,202003,202002,202087,202025,202069,202005,202023,202037,202020,202019,202001,202092,202085,202100,202012,202109,202036,202093,202095,202098,202027,202040,202057,202042,202094,202049,202105,202083
202012,202040,202025,202057,202053,202016,202109,202036,202038,202051,202002,202108,202033,202071,202022,202028,202085,202062,202082,202063,202106,202072,202003,202083,202077,202076,202050,202060,202013,202004,202008,202019,202021,202005,202014,202107,202087,202045,202007,202054,202041,202093,202010,202026,202095,202066,202104,202069,202006,202031,202074,202064,202017,202030,202034,202086,202032,202081,202092,202073,202102,202101,202020,202023,202052,202047,202056,202080,202029,202048,202049,202061,202075,202091,202105,202042,202088,202044,202037,202067,202097,202089,202024,202043,202058,202001,202068,202098,202065,202046,202059,202035,202099,202096,202084,202011,202094,202070,202039,202018,202078,202027,202090,202079,202015,202100
202013,202008,202033,202007,202006,202048,202108,202067,202107,202045,202041,202050,202029,202075,202022,202064,202062,202091,202056,202004,202021,202104,202097,202076,202032,202046,202063,202073,202017,202074,202028,202031,202084,202030,202023,202053,202020,202102,202016,202038,202109,202025,202044,202011,202071,202024,202019,202054,202035,202080,202058,202039,202061,202086,202060,202068,202051,202077,202026,202085,202088,202012,202099,202066,202096,202078,202106,202057,202059,202087,202040,202072,202002,202034,202089,202014,202036,202043,202095,202065,202092,202082,202052,202101,202010,202093,202047,202005,202003,202069,202090,202079,202070,202081,202018,202094,202015,202027,202037,202049,202001,202100,202042,202098,202083,202105
202014,202052,202010,202034,202081,202086,202082,202063,202031,202072,202076,202028,202026,202080,202060,202038,202064,202069,202021,202016,202051,202032,202071,202003,202062,202077,202108,202025,202105,202074,202053,202042,202022,202050,202058,202017,202040,202002,202001,202036,202005,202093,202068,202018,202043,202089,202101,202030,202012,202061,202066,202067,202057,202070,202104,202106,202091,202047,202041,202033,202013,202073,202049,202006,202087,202102,202088,202011,202096,202037,202109,202099,202054,202045,202007,202048,202092,202046,202059,202019,202008,202056,202107,202098,202090,202095,202065,202085,202004,202039,202075,202044,202035,202079,202097,202084,202029,202083,202020,202078,202023,202015,202024,202094,202027,202100
202015,202078,202059,202035,202088,202046,202056,202096,202065,202102,202099,202043,202067,202045,202011,202075,202044,202090,202084,202058,202074,202073,202027,202006,202039,202029,202100,202032,202076,202064,202048,202021,202020,202060,202047,202080,202050,202101,202063,202013,202024,202026,202007,202008,202054,202094,202028,202022,202004,202037,202068,202098,202106,202086,202091,202031,202041,202061,202018,202097,202033,202017,202023,202108,202062,202079,202104,202002,202085,202038,202005,202034,202052,202070,202077,202071,202010,202014,202107,202109,202053,202030,202089,202016,202051,202082,202025,202081,202003,202072,202012,202093,202040,202069,202019,202042,202095,202092,202057,202066,202001,202036,202087,202105,202083,202049
202016,202053,202038,202025,202057,202040,202036,202012,202108,202028,202051,202109,202071,202063,202062,202022,202033,202002,202021,202050,202014,202082,202003,202031,202072,202060,202076,202077,202005,202086,202013,202010,202034,202104,202030,202052,202087,202008,202032,202106,202064,202041,202019,202017,202107,202073,202045,202066,202054,202026,202080,202085,202007,202006,202081,202091,202074,202101,202004,202069,202093,202042,202067,202105,202095,202092,202083,202056,202047,202061,202068,202048,202049,202102,202089,202043,202058,202029,202088,202001,202046,202037,202075,202044,202099,202020,202059,202023,202097,202065,202011,202070,202018,202096,202024,202035,202098,202084,202039,202094,202078,202090,202079,202027,202015,202100
202017,202061,202062,202030,202041,202089,202064,202071,202091,202048,202077,202086,202080,202022,202066,202070,202019,202007,202108,202107,202076,202006,202092,202031,202021,202013,202072,202067,202093,202039,202063,202051,202087,202025,202052,202095,202104,202034,202058,202026,202014,202018,202053,202001,202046,202069,202033,202016,202097,202060,202028,202102,202084,202082,202032,202079,202074,202010,202008,202045,202011,202109,202049,202050,202038,202056,202081,202068,202040,202090,202075,202012,202029,202096,202023,202088,202036,202057,202073,202099,202043,202002,202059,202078,202106,202004,202003,202054,202101,202035,202020,202005,202044,202047,202065,202085,202105,202024,202042,202015,202037,202098,202100,202094,202083,202027
202018,202070,202080,202058,202064,202090,202089,202052,202034,202086,202031,202026,202077,202076,202010,202061,202001,202017,202079,202096,202011,202081,202014,202021,202060,202032,202062,202063,202072,202069,202067,202074,202091,202082,202068,202039,202043,202048,202022,202030,202006,202108,202071,202041,202051,202046,202028,202093,202102,202104,202007,202088,202092,202066,202099,202050,202056,202084,202059,202013,202087,202049,202025,202038,202053,202107,202045,202016,202095,202073,202008,202019,202033,202078,202075,202003,202101,202097,202002,202042,202106,202015,202040,202035,202105,202047,202098,202065,202005,202036,202037,202029,202109,202012,202054,202057,202044,202023,202004,202085,202020,202024,202100,202027,202094,202083
202019,202030,202066,202092,202095,202107,202041,202087,202062,202017,202071,202025,202051,202108,202077,202061,202022,202109,202091,202007,202093,202097,202089,202048,202053,202033,202049,202013,202016,202006,202072,202012,202040,202023,202104,202064,202057,202082,202036,202069,202086,202008,202063,202031,202076,202001,202021,202039,202084,202029,202070,202028,202080,202038,202075,202067,202014,202045,202052,202102,202034,202026,202050,202046,202010,202056,202060,202032,202079,202081,202074,202004,202058,202002,202020,202011,202018,202085,202073,202088,202068,202024,202106,202003,202096,202054,202090,202044,202078,202005,202105,202099,202043,202035,202101,202059,202083,202047,202065,202042,202100,202037,202015,202094,202098,202027
202020,202024,202004,202029,202045,202044,202085,202056,202075,202008,202027,202023,202013,202035,202054,202033,202102,202094,202007,202006,202088,202109,202065,202050,202073,202022,202106,202097,202078,202048,202046,202059,202074,202084,202067,202028,202012,202021,202002,202041,202038,202108,202053,202076,202063,202047,202101,202107,202032,202060,202016,202025,202064,202062,202015,202099,202057,202026,202040,202096,202071,202039,202104,202005,202100,202043,202037,202051,202091,202058,202017,202011,202019,202061,202080,202031,202077,202086,202036,202095,202098,202030,202068,202083,202003,202082,202014,202093,202072,202010,202092,202034,202087,202066,202090,202052,202089,202069,202081,202042,202018,202070,202079,202049,202001,202105
202021,202028,202060,202080,202063,202076,202032,202022,202086,202031,202064,202108,202067,202050,202026,202062,202038,202056,202074,202045,202053,202073,202013,202034,202006,202043,202077,202016,202010,202046,202014,202007,202051,202017,202058,202052,202102,202041,202071,202099,202091,202059,202008,202054,202088,202025,202033,202101,202068,202048,202011,202104,202082,202005,202061,202096,202109,202065,202040,202106,202002,202030,202072,202047,202018,202012,202057,202003,202036,202089,202029,202081,202075,202107,202044,202004,202084,202035,202085,202093,202037,202069,202039,202087,202070,202019,202042,202066,202090,202020,202092,202095,202098,202097,202078,202001,202023,202024,202015,202105,202079,202094,202049,202027,202083,202100
202022,202062,202041,202071,202021,202051,202063,202108,202076,202053,202077,202025,202028,202109,202086,202064,202006,202102,202013,202017,202026,202007,202060,202061,202080,202016,202056,202040,202048,202038,202093,202031,202045,202082,202033,202012,202030,202032,202074,202067,202091,202050,202019,202095,202088,202072,202008,202010,202092,202046,202014,202107,202029,202057,202034,202097,202089,202069,202084,202052,202002,202066,202058,202075,202036,202087,202023,202039,202104,202073,202096,202054,202004,202085,202101,202106,202081,202020,202070,202043,202059,202005,202018,202011,202001,202047,202065,202099,202003,202068,202044,202035,202049,202024,202090,202078,202037,202098,202079,202042,202105,202015,202094,202083,202027,202100
202023,202029,202097,202007,202075,202048,202006,202020,202013,202107,202084,202008,202024,202041,202033,202109,202095,202022,202056,202045,202019,202102,202004,202039,202062,202108,202061,202017,202071,202085,202092,202025,202012,202091,202067,202053,202077,202051,202064,202078,202046,202030,202100,202076,202088,202021,202044,202104,202087,202035,202063,202066,202050,202074,202016,202040,202028,202093,202057,202026,202089,202096,202027,202032,202060,202038,202054,202073,202080,202058,202011,202106,202031,202072,202002,202086,202082,202036,202059,202079,202065,202069,202070,202094,202015,202099,202090,202068,202034,202043,202049,202010,202014,202101,202047,202052,202018,202001,202005,202003,202081,202083,202037,202098,202042,202105
202024,202020,202029,202004,202075,202044,202008,202027,202035,202085,202045,202056,202023,202013,202033,202007,202006,202094,202078,202073,202054,202097,202050,202084,202065,202048,202102,202088,202067,202106,202100,202109,202046,202107,202108,202059,202022,202074,202032,202021,202104,202076,202028,202041,202063,202096,202011,202015,202012,202099,202038,202064,202053,202002,202091,202062,202039,202060,202016,202043,202047,202057,202058,202025,202101,202031,202026,202068,202051,202040,202019,202037,202017,202005,202071,202080,202077,202095,202061,202030,202036,202086,202003,202087,202083,202090,202098,202082,202072,202066,202092,202034,202010,202014,202089,202079,202093,202052,202069,202018,202081,202070,202042,202049,202001,202105
202025,202053,202040,202016,202012,202051,202071,202057,202036,202062,202109,202108,202022,202038,202082,202072,202077,202028,202063,202019,202093,202033,202076,202014,202041,202066,202087,202002,202021,202017,202030,202069,202095,202086,202060,202010,202092,202013,202107,202031,202026,202064,202034,202050,202007,202052,202061,202081,202003,202080,202049,202006,202008,202104,202089,202091,202074,202045,202106,202032,202048,202085,202005,202102,202001,202105,202004,202054,202067,202056,202073,202023,202101,202097,202029,202058,202083,202088,202042,202075,202047,202070,202020,202046,202068,202043,202018,202037,202039,202044,202084,202011,202096,202059,202099,202065,202024,202098,202035,202090,202079,202078,202094,202027,202015,202100
202026,202076,202060,202074,202080,202063,202064,202010,202021,202086,202028,202032,202058,202014,202034,202022,202082,202077,202031,202062,202081,202052,202051,202088,202043,202096,202102,202069,202108,202050,202071,202072,202038,202018,202067,202056,202002,202053,202061,202017,202025,202101,202106,202059,202047,202093,202006,202016,202013,202041,202098,202045,202005,202007,202003,202011,202089,202040,202068,202048,202037,202046,202070,202073,202033,202090,202054,202099,202012,202091,202008,202001,202065,202104,202042,202109,202036,202030,202039,202035,202057,202075,202066,202092,202044,202105,202084,202004,202085,202107,202029,202095,202087,202019,202097,202078,202020,202049,202015,202023,202079,202024,202094,202083,202027,202100
202027,202094,202044,202024,202020,202065,202035,202004,202045,202056,202029,202054,202078,202059,202075,202085,202015,202008,202073,202088,202099,202102,202050,202106,202046,202013,202067,202006,202047,202023,202007,202100,202101,202033,202043,202037,202074,202084,202021,202032,202028,202096,202060,202048,202002,202109,202022,202011,202005,202076,202038,202063,202108,202098,202097,202064,202058,202026,202053,202104,202041,202068,202012,202039,202107,202016,202080,202062,202057,202031,202091,202025,202040,202003,202071,202086,202083,202017,202051,202061,202090,202077,202036,202034,202030,202010,202019,202014,202095,202082,202042,202052,202072,202018,202087,202093,202089,202079,202092,202081,202066,202070,202069,202105,202001,202049
202028,202038,202063,202021,202060,202050,202076,202053,202016,202022,202108,202032,202026,202031,202101,202086,202002,202005,202014,202010,202080,202074,202073,202025,202054,202040,202064,202106,202051,202062,202043,202047,202034,202045,202003,202071,202082,202052,202012,202056,202033,202067,202013,202057,202109,202077,202036,202088,202102,202059,202008,202006,202072,202081,202037,202042,202099,202041,202058,202085,202065,202046,202017,202007,202104,202068,202004,202091,202030,202044,202061,202096,202069,202048,202098,202093,202011,202075,202035,202107,202029,202105,202020,202019,202089,202018,202066,202087,202092,202001,202095,202084,202070,202039,202024,202094,202097,202083,202023,202090,202078,202049,202015,202027,202079,202100
202029,202075,202007,202024,202023,202006,202008,202056,202020,202045,202013,202084,202048,202097,202004,202033,202102,202078,202035,202044,202046,202067,202107,202041,202022,202039,202088,202109,202085,202108,202073,202050,202091,202021,202027,202062,202100,202064,202076,202104,202074,202054,202063,202032,202011,202017,202065,202028,202096,202059,202061,202053,202019,202060,202071,202058,202099,202012,202015,202106,202030,202095,202025,202094,202077,202016,202031,202038,202080,202051,202026,202002,202043,202086,202057,202040,202092,202068,202087,202101,202066,202090,202089,202047,202079,202072,202093,202082,202036,202034,202005,202014,202010,202037,202070,202052,202018,202003,202069,202098,202081,202083,202001,202049,202042,202105
202030,202017,202066,202091,202041,202019,202062,202107,202089,202061,202092,202087,202071,202108,202077,202048,202064,202022,202031,202086,202007,202095,202025,202013,202072,202006,202104,202051,202080,202070,202093,202016,202053,202033,202021,202063,202052,202049,202076,202067,202001,202097,202034,202014,202039,202082,202069,202109,202028,202046,202084,202008,202038,202040,202079,202032,202010,202050,202012,202026,202036,202058,202018,202060,202057,202045,202011,202081,202068,202102,202075,202074,202029,202056,202023,202073,202090,202096,202088,202002,202099,202004,202043,202003,202054,202106,202078,202005,202059,202101,202085,202020,202105,202035,202044,202024,202047,202042,202065,202015,202037,202100,202083,202098,202094,202027
202031,202034,202032,202080,202063,202064,202021,202086,202052,202076,202108,202014,202028,202091,202010,202062,202068,202067,202060,202104,202050,202058,202026,202077,202072,202074,202011,202017,202022,202038,202016,202051,202030,202082,202006,202073,202043,202013,202081,202089,202018,202053,202041,202033,202071,202007,202025,202048,202008,202061,202046,202099,202096,202066,202069,202003,202045,202056,202107,202070,202087,202036,202001,202040,202005,202002,202088,202090,202102,202106,202059,202101,202057,202054,202012,202019,202093,202092,202042,202075,202039,202109,202047,202079,202084,202035,202049,202004,202065,202029,202044,202105,202095,202097,202037,202085,202078,202098,202023,202020,202015,202024,202094,202083,202027,202100
202032,202074,202031,202076,202050,202063,202021,202064,202058,202067,202043,202060,202068,202073,202028,202080,202026,202011,202034,202108,202096,202086,202099,202013,202059,202038,202056,202014,202006,202010,202104,202008,202022,202052,202045,202088,202062,202091,202033,202054,202046,202106,202035,202007,202101,202016,202077,202005,202065,202047,202102,202003,202044,202048,202002,202051,202082,202053,202072,202081,202017,202018,202075,202041,202004,202090,202025,202037,202071,202061,202030,202029,202085,202089,202107,202036,202078,202069,202012,202042,202040,202039,202084,202057,202098,202070,202109,202015,202066,202020,202024,202097,202087,202093,202079,202001,202019,202092,202023,202094,202105,202095,202049,202027,202083,202100
202033,202008,202013,202108,202007,202107,202104,202004,202050,202006,202045,202016,202053,202062,202075,202012,202038,202025,202029,202022,202048,202063,202073,202076,202028,202085,202109,202064,202057,202067,202041,202021,202091,202032,202031,202074,202044,202106,202051,202054,202056,202019,202002,202020,202023,202071,202030,202036,202017,202097,202040,202024,202060,202077,202068,202066,202072,202087,202102,202035,202046,202026,202011,202080,202003,202058,202086,202034,202014,202082,202061,202088,202084,202095,202099,202005,202043,202092,202010,202052,202089,202101,202059,202039,202078,202047,202096,202065,202069,202093,202081,202094,202083,202037,202049,202027,202070,202090,202018,202042,202001,202079,202015,202098,202105,202100
202034,202052,202010,202014,202031,202081,202080,202072,202086,202076,202063,202064,202082,202060,202026,202032,202077,202021,202058,202018,202028,202108,202062,202069,202074,202068,202051,202001,202089,202038,202003,202016,202017,202050,202043,202104,202071,202022,202025,202070,202053,202067,202091,202042,202011,202030,202105,202036,202061,202002,202066,202005,202096,202040,202006,202093,202073,202106,202087,202041,202033,202013,202049,202090,202099,202101,202012,202007,202057,202048,202047,202008,202088,202102,202092,202107,202045,202059,202046,202056,202037,202054,202019,202109,202079,202098,202039,202095,202065,202075,202035,202044,202004,202085,202084,202029,202097,202078,202023,202015,202020,202083,202024,202094,202027,202100
202035,202044,202078,202056,202075,202059,202073,202065,202045,202088,202015,202024,202096,202004,202029,202008,202074,202067,202099,202006,202046,202032,202011,202050,202043,202020,202013,202102,202027,202054,202058,202076,202106,202007,202033,202063,202021,202048,202064,202047,202094,202084,202060,202085,202068,202028,202101,202104,202026,202031,202090,202022,202037,202108,202039,202080,202091,202100,202002,202038,202097,202023,202041,202005,202062,202098,202107,202086,202016,202017,202053,202034,202109,202061,202077,202003,202012,202014,202010,202051,202071,202025,202052,202018,202030,202082,202079,202072,202040,202057,202081,202089,202019,202070,202036,202042,202069,202066,202095,202093,202092,202087,202083,202001,202105,202049
202036,202057,202016,202053,202025,202012,202040,202038,202051,202108,202003,202028,202082,202072,202062,202002,202014,202109,202087,202033,202071,202105,202010,202083,202022,202077,202063,202005,202050,202034,202021,202031,202060,202049,202066,202076,202081,202069,202085,202106,202104,202042,202052,202086,202019,202026,202013,202008,202054,202032,202030,202107,202093,202064,202017,202080,202074,202041,202007,202004,202095,202073,202092,202101,202045,202001,202091,202006,202068,202089,202067,202047,202061,202037,202048,202043,202056,202058,202102,202044,202029,202023,202020,202075,202088,202099,202097,202011,202098,202018,202059,202046,202065,202070,202024,202096,202035,202094,202084,202039,202090,202079,202078,202027,202015,202100
202037,202047,202098,202101,202106,202005,202002,202043,202060,202065,202059,202054,202003,202042,202028,202074,202038,202050,202073,202088,202026,202063,202076,202032,202044,202021,202099,202045,202085,202010,202056,202102,202014,202035,202034,202004,202080,202053,202058,202016,202094,202040,202012,202082,202096,202031,202081,202064,202022,202052,202108,202086,202068,202067,202057,202008,202033,202025,202051,202036,202020,202083,202109,202046,202071,202013,202011,202006,202015,202062,202072,202027,202105,202077,202075,202104,202078,202007,202024,202029,202069,202018,202017,202048,202090,202041,202061,202091,202093,202107,202030,202084,202023,202089,202070,202001,202039,202087,202066,202019,202097,202095,202092,202049,202079,202100
202038,202028,202016,202053,202050,202005,202002,202057,202040,202003,202108,202063,202025,202012,202036,202060,202021,202054,202106,202014,202101,202076,202022,202033,202031,202073,202032,202051,202109,202010,202062,202071,202047,202086,202026,202045,202034,202082,202074,202042,202085,202013,202064,202008,202052,202080,202072,202004,202043,202077,202104,202037,202081,202067,202056,202068,202041,202006,202017,202007,202099,202059,202105,202044,202065,202102,202083,202030,202088,202091,202058,202107,202069,202046,202093,202087,202019,202066,202048,202020,202098,202061,202029,202075,202011,202035,202096,202089,202094,202095,202092,202001,202049,202024,202018,202023,202097,202070,202084,202039,202078,202090,202027,202015,202079,202100
202039,202084,202048,202061,202006,202097,202041,202079,202007,202017,202091,202046,202064,202090,202102,202067,202096,202075,202070,202058,202013,202089,202056,202078,202029,202011,202062,202022,202080,202030,202076,202107,202023,202088,202077,202018,202092,202021,202086,202074,202045,202063,202095,202071,202100,202008,202019,202031,202026,202032,202108,202104,202015,202033,202066,202035,202093,202060,202051,202050,202072,202059,202028,202068,202034,202052,202099,202069,202087,202109,202020,202025,202073,202043,202024,202001,202082,202053,202014,202010,202004,202044,202016,202065,202038,202081,202012,202040,202049,202054,202106,202002,202101,202085,202047,202027,202057,202036,202005,202098,202037,202003,202094,202042,202105,202083
202040,202053,202025,202012,202016,202057,202036,202109,202051,202038,202071,202028,202002,202082,202022,202108,202062,202063,202072,202077,202060,202014,202093,202021,202010,202003,202033,202076,202005,202086,202019,202026,202106,202085,202069,202050,202041,202087,202081,202031,202095,202034,202052,202083,202066,202013,202030,202017,202105,202101,202092,202064,202080,202054,202045,202042,202008,202032,202107,202007,202074,202102,202006,202049,202047,202061,202004,202104,202073,202056,202091,202001,202037,202088,202089,202048,202067,202020,202023,202029,202043,202098,202075,202058,202097,202046,202044,202065,202059,202068,202070,202099,202018,202096,202024,202084,202011,202039,202035,202094,202078,202090,202027,202079,202015,202100
202041,202017,202061,202048,202022,202030,202062,202006,202071,202091,202007,202019,202013,202107,202097,202064,202108,202039,202077,202092,202084,202095,202086,202021,202089,202066,202076,202046,202025,202102,202109,202067,202063,202080,202093,202051,202033,202053,202031,202056,202029,202023,202045,202008,202028,202087,202016,202075,202070,202026,202104,202072,202032,202060,202050,202058,202074,202040,202038,202082,202088,202012,202052,202014,202069,202034,202011,202079,202096,202010,202018,202001,202073,202057,202020,202004,202049,202036,202090,202068,202081,202078,202002,202099,202059,202054,202035,202043,202024,202085,202106,202044,202101,202065,202005,202047,202003,202015,202100,202037,202105,202042,202098,202027,202094,202083
202042,202003,202005,202105,202014,202038,202101,202010,202037,202002,202028,202060,202047,202034,202081,202052,202106,202043,202016,202063,202036,202050,202098,202082,202026,202053,202040,202021,202031,202032,202076,202054,202086,202057,202080,202074,202073,202025,202072,202108,202012,202068,202051,202099,202064,202059,202083,202071,202069,202065,202022,202062,202058,202077,202045,202085,202104,202033,202067,202088,202109,202018,202001,202044,202017,202008,202056,202013,202102,202093,202011,202004,202096,202030,202046,202091,202006,202089,202087,202041,202049,202061,202066,202007,202035,202094,202070,202107,202048,202019,202090,202020,202075,202092,202029,202095,202015,202078,202024,202039,202027,202084,202023,202097,202079,202100
202043,202059,202032,202060,202099,202074,202073,202047,202076,202063,202101,202065,202058,202050,202021,202028,202037,202080,202026,202096,202088,202067,202031,202106,202011,202068,202064,202005,202056,202035,202034,202054,202045,202098,202010,202086,202046,202038,202052,202044,202014,202002,202102,202003,202108,202042,202006,202015,202090,202018,202022,202008,202081,202104,202078,202013,202062,202082,202033,202016,202075,202091,202007,202077,202053,202004,202048,202072,202051,202017,202085,202071,202029,202061,202025,202041,202094,202040,202012,202020,202084,202039,202070,202069,202036,202057,202089,202109,202030,202024,202027,202107,202105,202093,202001,202079,202097,202066,202087,202023,202019,202092,202095,202083,202049,202100
202044,202004,202035,202045,202054,202073,202065,202008,202024,202094,202050,202020,202027,202056,202085,202059,202106,202075,202029,202099,202033,202013,202074,202078,202032,202067,202088,202047,202043,202006,202007,202101,202021,202028,202102,202002,202046,202060,202037,202076,202038,202011,202063,202005,202108,202068,202104,202015,202096,202064,202058,202048,202022,202026,202031,202053,202023,202016,202003,202109,202012,202084,202080,202062,202107,202098,202057,202091,202041,202025,202097,202086,202040,202034,202051,202071,202039,202036,202017,202014,202077,202010,202083,202100,202090,202082,202061,202042,202052,202072,202030,202019,202081,202018,202087,202089,202066,202095,202069,202093,202079,202092,202070,202105,202001,202049
202045,202056,202008,202050,202073,202044,202013,202029,202006,202067,202004,202021,202075,202046,202007,202054,202102,202033,202065,202059,202020,202028,202035,202099,202088,202022,202060,202076,202063,202108,202048,202032,202106,202074,202038,202064,202024,202085,202078,202109,202043,202041,202053,202101,202062,202002,202104,202080,202016,202047,202094,202084,202011,202031,202026,202091,202027,202023,202058,202107,202071,202017,202025,202012,202086,202005,202096,202068,202015,202097,202061,202057,202040,202037,202039,202077,202051,202030,202034,202014,202003,202019,202052,202010,202036,202082,202072,202098,202090,202095,202087,202089,202018,202066,202093,202092,202100,202081,202042,202070,202069,202083,202079,202001,202049,202105
202046,202067,202056,202045,202006,202084,202102,202048,202021,202099,202064,202013,202088,202059,202078,202041,202039,202080,202091,202011,202007,202076,202015,202032,202073,202075,202022,202035,202029,202096,202063,202058,202050,202086,202017,202074,202061,202065,202031,202028,202008,202043,202060,202062,202026,202108,202090,202033,202044,202068,202030,202097,202054,202071,202020,202104,202101,202107,202038,202004,202077,202018,202052,202047,202053,202109,202034,202024,202023,202014,202070,202089,202016,202079,202106,202025,202051,202010,202019,202027,202100,202002,202005,202085,202094,202093,202072,202082,202066,202040,202092,202037,202095,202012,202081,202087,202057,202069,202098,202003,202036,202001,202042,202049,202105,202083
202047,202101,202037,202005,202106,202002,202098,202065,202043,202059,202054,202060,202028,202050,202038,202074,202073,202088,202063,202003,202076,202042,202032,202026,202045,202021,202099,202044,202056,202102,202014,202085,202035,202004,202010,202016,202053,202080,202058,202064,202022,202086,202031,202094,202034,202067,202040,202012,202096,202046,202108,202033,202052,202068,202008,202020,202081,202082,202013,202025,202057,202071,202109,202006,202015,202051,202036,202062,202011,202075,202027,202072,202078,202007,202104,202077,202083,202029,202024,202105,202041,202048,202017,202069,202061,202091,202018,202090,202093,202030,202107,202084,202039,202023,202089,202070,202097,202019,202066,202001,202087,202095,202092,202049,202079,202100
202048,202006,202007,202039,202041,202084,202097,202013,202017,202091,202061,202064,202107,202075,202067,202062,202029,202046,202022,202008,202102,202030,202056,202076,202023,202033,202108,202045,202058,202104,202011,202089,202021,202080,202077,202019,202071,202063,202078,202074,202079,202096,202031,202032,202095,202092,202086,202088,202066,202070,202090,202050,202026,202051,202060,202025,202109,202035,202028,202087,202072,202053,202020,202068,202073,202004,202018,202093,202016,202024,202034,202099,202052,202044,202059,202038,202082,202069,202014,202012,202043,202100,202015,202010,202040,202054,202106,202001,202065,202002,202085,202057,202081,202049,202036,202101,202047,202003,202027,202005,202037,202094,202098,202042,202105,202083
202049,202066,202087,202001,202072,202069,202092,202089,202077,202051,202019,202093,202062,202030,202025,202095,202082,202071,202017,202036,202108,202081,202034,202052,202014,202053,202016,202010,202107,202070,202061,202040,202031,202086,202041,202022,202012,202057,202091,202064,202105,202104,202080,202076,202063,202026,202018,202033,202038,202109,202007,202021,202028,202048,202013,202060,202006,202003,202032,202097,202079,202058,202074,202050,202068,202067,202008,202002,202039,202023,202011,202042,202102,202084,202045,202106,202090,202005,202096,202075,202056,202046,202029,202073,202085,202043,202004,202088,202054,202083,202101,202099,202047,202020,202059,202037,202044,202098,202024,202035,202078,202065,202015,202094,202100,202027
202050,202073,202032,202028,202054,202038,202021,202008,202074,202045,202063,202108,202013,202067,202076,202033,202060,202106,202031,202068,202099,202064,202044,202043,202004,202005,202016,202101,202059,202056,202002,202104,202053,202047,202003,202065,202026,202022,202006,202080,202058,202007,202085,202062,202086,202014,202035,202034,202046,202011,202088,202025,202057,202012,202091,202102,202075,202010,202037,202036,202052,202048,202029,202051,202041,202096,202040,202071,202017,202020,202109,202107,202077,202072,202082,202042,202024,202030,202094,202081,202078,202061,202098,202084,202066,202097,202087,202018,202069,202019,202089,202023,202039,202015,202090,202027,202083,202093,202105,202070,202092,202095,202001,202079,202049,202100
202051,202077,202025,202082,202062,202072,202053,202022,202108,202071,202040,202016,202069,202093,202012,202010,202063,202036,202076,202028,202026,202087,202109,202092,202021,202066,202014,202057,202095,202038,202086,202031,202034,202064,202019,202060,202017,202041,202081,202080,202030,202052,202089,202049,202001,202033,202061,202007,202002,202107,202013,202006,202032,202074,202091,202104,202050,202048,202003,202102,202008,202058,202106,202070,202067,202056,202045,202105,202085,202018,202097,202005,202088,202023,202073,202054,202075,202029,202004,202096,202043,202101,202068,202042,202039,202046,202011,202084,202047,202037,202020,202098,202059,202083,202044,202090,202079,202099,202065,202035,202024,202078,202094,202015,202027,202100
202052,202034,202014,202010,202086,202081,202080,202031,202072,202063,202082,202076,202064,202060,202026,202018,202077,202001,202021,202028,202069,202062,202032,202017,202089,202058,202071,202108,202070,202051,202038,202016,202074,202030,202068,202022,202061,202091,202025,202043,202053,202003,202050,202042,202104,202105,202093,202067,202066,202041,202040,202011,202036,202002,202005,202049,202006,202087,202096,202101,202090,202073,202092,202013,202099,202048,202033,202046,202012,202102,202106,202057,202007,202088,202047,202019,202045,202107,202059,202056,202008,202109,202037,202079,202095,202039,202054,202098,202065,202075,202084,202035,202097,202004,202044,202029,202085,202078,202015,202023,202020,202083,202024,202094,202027,202100
202053,202016,202025,202040,202057,202012,202038,202109,202108,202036,202051,202028,202022,202071,202062,202021,202063,202033,202002,202060,202082,202077,202076,202050,202014,202072,202086,202013,202031,202041,202010,202003,202026,202019,202005,202087,202017,202045,202085,202008,202064,202030,202106,202093,202007,202054,202034,202080,202107,202032,202052,202006,202066,202104,202095,202074,202069,202004,202073,202101,202081,202056,202091,202092,202067,202102,202061,202048,202083,202047,202042,202105,202049,202089,202029,202088,202023,202020,202043,202046,202075,202058,202001,202068,202037,202044,202097,202059,202099,202065,202011,202084,202070,202024,202098,202096,202018,202039,202035,202094,202078,202090,202027,202079,202015,202100
202054,202050,202073,202044,202065,202106,202085,202005,202101,202004,202045,202038,202028,202047,202094,202059,202021,202002,202008,202099,202056,202060,202032,202037,202043,202033,202074,202020,202013,202053,202003,202063,202108,202067,202016,202035,202076,202057,202022,202088,202012,202026,202024,202109,202027,202031,202029,202046,202068,202102,202040,202064,202007,202006,202036,202025,202075,202098,202042,202080,202062,202104,202086,202083,202014,202058,202051,202011,202010,202034,202071,202096,202041,202048,202078,202052,202082,202091,202077,202107,202017,202015,202023,202072,202081,202084,202030,202061,202097,202019,202105,202087,202069,202039,202093,202018,202066,202090,202089,202095,202092,202070,202001,202049,202100,202079
202056,202045,202102,202088,202046,202006,202029,202067,202021,202075,202059,202035,202013,202065,202022,202007,202008,202076,202073,202044,202074,202084,202020,202032,202050,202078,202063,202096,202048,202060,202028,202064,202004,202054,202099,202024,202043,202015,202026,202041,202080,202033,202058,202108,202011,202039,202062,202101,202085,202031,202109,202023,202091,202106,202086,202038,202047,202097,202027,202061,202053,202017,202071,202077,202002,202094,202104,202016,202051,202107,202025,202068,202037,202090,202005,202012,202030,202034,202040,202010,202098,202014,202082,202100,202052,202018,202057,202019,202095,202072,202089,202093,202003,202070,202092,202036,202079,202081,202069,202087,202066,202042,202001,202083,202049,202105
202057,202036,202016,202012,202053,202040,202025,202038,202109,202108,202051,202002,202028,202083,202033,202003,202085,202071,202062,202022,202005,202050,202082,202021,202063,202087,202106,202072,202054,202008,202060,202014,202013,202077,202004,202019,202076,202031,202104,202107,202010,202045,202034,202073,202066,202007,202030,202105,202086,202041,202042,202032,202026,202101,202017,202095,202052,202064,202006,202093,202081,202069,202049,202074,202080,202047,202092,202091,202056,202067,202020,202044,202029,202037,202102,202048,202023,202068,202061,202075,202089,202043,202088,202001,202024,202065,202097,202099,202058,202046,202059,202094,202098,202011,202035,202084,202096,202070,202018,202039,202027,202078,202090,202079,202015,202100
202058,202064,202096,202074,202076,202011,202080,202032,202090,202026,202067,202018,202063,202031,202068,202043,202060,202034,202021,202086,202006,202088,202052,202048,202050,202102,202046,202059,202017,202014,202010,202062,202099,202091,202056,202061,202070,202077,202028,202007,202104,202039,202013,202108,202022,202089,202081,202072,202073,202035,202045,202078,202008,202041,202079,202082,202075,202069,202033,202106,202071,202084,202051,202038,202015,202030,202065,202047,202101,202002,202044,202107,202029,202016,202001,202025,202003,202053,202054,202037,202097,202066,202093,202098,202005,202004,202092,202012,202087,202040,202042,202019,202109,202020,202023,202036,202095,202085,202024,202057,202049,202105,202100,202027,202094,202083
202059,202065,202099,202043,202088,202056,202073,202035,202101,202047,202045,202074,202060,202015,202032,202050,202044,202046,202067,202054,202021,202102,202096,202037,202076,202028,202058,202106,202063,202026,202078,202080,202011,202064,202005,202098,202068,202006,202008,202094,202013,202038,202031,202004,202075,202086,202002,202022,202027,202020,202029,202007,202108,202048,202033,202085,202090,202034,202014,202024,202010,202084,202062,202052,202003,202053,202104,202041,202091,202016,202018,202039,202017,202042,202071,202061,202077,202109,202025,202082,202051,202081,202012,202040,202072,202057,202023,202107,202097,202030,202070,202036,202089,202069,202100,202093,202079,202019,202066,202087,202095,202105,202092,202083,202001,202049
202060,202076,202028,202021,202063,202026,202080,202074,202032,202043,202010,202038,202064,202086,202050,202034,202014,202031,202101,202022,202002,202106,202052,202005,202047,202058,202088,202108,202059,202102,202053,202082,202062,202045,202037,202067,202056,202016,202073,202077,202071,202051,202003,202081,202054,202099,202025,202065,202098,202096,202040,202072,202006,202042,202068,202017,202013,202046,202012,202033,202018,202008,202007,202011,202061,202041,202104,202109,202069,202036,202057,202091,202048,202044,202035,202085,202093,202004,202089,202030,202075,202070,202090,202029,202105,202001,202107,202020,202039,202078,202087,202084,202066,202015,202092,202019,202095,202023,202094,202097,202024,202049,202083,202079,202027,202100
202061,202017,202041,202070,202089,202062,202071,202048,202064,202077,202039,202030,202022,202092,202093,202080,202086,202091,202076,202006,202095,202007,202102,202019,202066,202063,202084,202018,202021,202026,202051,202072,202058,202069,202107,202097,202046,202108,202031,202001,202067,202013,202052,202025,202079,202082,202060,202034,202090,202014,202074,202056,202087,202028,202088,202053,202096,202010,202109,202032,202104,202045,202033,202011,202081,202016,202075,202023,202029,202008,202049,202040,202050,202038,202012,202068,202078,202043,202002,202059,202073,202099,202036,202057,202035,202106,202020,202101,202004,202015,202054,202047,202065,202003,202044,202005,202024,202085,202100,202105,202098,202037,202042,202027,202094,202083
202062,202077,202108,202017,202022,202071,202051,202041,202064,202025,202030,202021,202076,202061,202007,202053,202089,202072,202080,202086,202031,202087,202063,202066,202019,202107,202091,202048,202006,202016,202013,202092,202026,202095,202028,202082,202033,202093,202034,202104,202060,202067,202069,202109,202014,202052,202010,202040,202038,202032,202012,202008,202050,202074,202036,202058,202070,202102,202001,202057,202045,202049,202097,202056,202081,202039,202018,202046,202084,202011,202029,202023,202068,202075,202002,202088,202073,202096,202106,202003,202043,202004,202079,202054,202085,202099,202090,202005,202101,202059,202020,202044,202105,202047,202035,202078,202065,202042,202024,202037,202098,202083,202015,202094,202027,202100
202063,202076,202028,202060,202021,202031,202032,202064,202026,202080,202086,202074,202022,202014,202108,202010,202034,202038,202050,202082,202052,202062,202051,202016,202077,202058,202043,202053,202071,202072,202006,202088,202002,202025,202073,202102,202067,202081,202013,202056,202033,202045,202106,202091,202101,202017,202041,202040,202096,202104,202047,202007,202061,202012,202005,202046,202003,202008,202069,202048,202068,202059,202011,202030,202109,202054,202099,202093,202036,202018,202057,202089,202075,202037,202107,202065,202035,202004,202066,202070,202042,202085,202044,202090,202029,202098,202001,202019,202092,202039,202087,202084,202095,202097,202020,202078,202105,202023,202049,202015,202024,202079,202094,202083,202027,202100
202064,202076,202080,202058,202031,202063,202067,202032,202021,202074,202086,202062,202026,202017,202006,202048,202034,202108,202060,202022,202091,202077,202061,202011,202013,202041,202007,202052,202096,202028,202050,202089,202014,202018,202068,202104,202046,202071,202072,202102,202010,202030,202070,202056,202051,202090,202039,202033,202043,202088,202008,202045,202082,202081,202107,202038,202069,202025,202073,202053,202099,202016,202084,202066,202075,202059,202093,202079,202001,202097,202029,202092,202019,202106,202002,202035,202087,202078,202109,202040,202101,202012,202054,202003,202095,202047,202065,202044,202036,202004,202005,202023,202057,202049,202015,202037,202020,202085,202042,202098,202024,202105,202094,202027,202100,202083
202065,202059,202054,202044,202099,202101,202047,202056,202073,202045,202043,202035,202088,202094,202050,202037,202106,202060,202015,202027,202021,202074,202032,202046,202028,202005,202102,202067,202004,202020,202098,202076,202078,202063,202085,202008,202096,202038,202002,202026,202013,202075,202029,202058,202024,202006,202080,202064,202011,202022,202068,202033,202031,202007,202108,202086,202053,202003,202016,202048,202109,202084,202062,202042,202014,202034,202010,202104,202041,202012,202091,202071,202040,202052,202025,202057,202090,202017,202051,202039,202077,202023,202061,202082,202018,202036,202081,202107,202097,202072,202030,202083,202100,202093,202069,202089,202070,202019,202095,202087,202105,202079,202066,202092,202001,202049
202066,202030,202019,202092,202087,202049,202089,202062,202072,202017,202107,202077,202051,202095,202041,202071,202091,202108,202025,202001,202069,202093,202061,202104,202082,202022,202064,202031,202016,202048,202053,202070,202007,202033,202086,202013,202052,202034,202014,202006,202036,202076,202063,202097,202012,202040,202080,202081,202010,202109,202057,202021,202028,202038,202079,202026,202008,202039,202067,202032,202018,202058,202050,202060,202074,202023,202068,202084,202011,202075,202102,202029,202045,202046,202002,202003,202056,202105,202090,202073,202096,202004,202088,202106,202085,202043,202054,202005,202099,202020,202042,202101,202024,202035,202044,202078,202059,202047,202083,202065,202037,202098,202015,202100,202094,202027
202067,202064,202011,202046,202021,202032,202013,202006,202099,202050,202080,202007,202056,202045,202031,202058,202048,202076,202068,202091,202008,202074,202073,202108,202063,202104,202059,202062,202086,202060,202096,202017,202043,202028,202022,202041,202084,202033,202075,202026,202102,202035,202029,202039,202078,202088,202061,202044,202034,202107,202065,202054,202030,202090,202038,202077,202018,202052,202004,202089,202014,202071,202053,202016,202097,202015,202010,202106,202101,202051,202079,202025,202070,202020,202072,202024,202047,202109,202023,202005,202002,202019,202082,202066,202087,202085,202003,202081,202012,202040,202057,202092,202036,202037,202069,202093,202095,202094,202027,202001,202042,202098,202100,202049,202105,202083
202068,202032,202011,202031,202067,202050,202104,202058,202064,202099,202034,202074,202073,202043,202076,202080,202021,202108,202063,202052,202008,202060,202091,202013,202014,202028,202086,202033,202026,202096,202006,202038,202059,202062,202003,202007,202045,202046,202010,202018,202017,202054,202090,202106,202048,202035,202044,202072,202016,202056,202081,202005,202107,202030,202077,202022,202089,202065,202101,202075,202047,202053,202041,202002,202004,202088,202078,202082,202051,202042,202061,202025,202070,202102,202036,202079,202071,202066,202037,202039,202029,202087,202069,202057,202084,202012,202085,202001,202015,202040,202097,202019,202024,202105,202109,202020,202098,202049,202092,202093,202094,202023,202095,202027,202083,202100
202069,202072,202082,202001,202081,202077,202093,202051,202010,202014,202034,202089,202071,202052,202062,202026,202049,202066,202025,202076,202086,202070,202092,202064,202063,202061,202080,202017,202022,202031,202108,202018,202040,202053,202060,202030,202016,202087,202074,202095,202028,202036,202058,202041,202021,202105,202012,202019,202032,202038,202091,202002,202003,202048,202006,202104,202057,202107,202109,202007,202102,202033,202013,202096,202050,202067,202090,202088,202039,202068,202042,202106,202079,202097,202043,202011,202008,202005,202056,202101,202045,202047,202046,202098,202084,202073,202075,202023,202037,202054,202029,202059,202085,202004,202099,202035,202020,202065,202044,202083,202078,202024,202015,202094,202100,202027
202070,202089,202018,202061,202017,202001,202080,202077,202079,202064,202086,202052,202090,202069,202030,202062,202039,202058,202092,202072,202091,202034,202093,202041,202076,202071,202031,202066,202048,202026,202081,202082,202010,202014,202063,202022,202006,202051,202021,202096,202095,202011,202067,202049,202060,202108,202007,202019,202087,202074,202102,202032,202084,202046,202107,202104,202025,202028,202013,202068,202097,202088,202053,202056,202016,202043,202050,202033,202038,202045,202075,202040,202008,202109,202099,202078,202059,202012,202029,202023,202036,202073,202002,202105,202003,202057,202106,202035,202101,202015,202047,202042,202005,202065,202098,202054,202037,202004,202044,202020,202100,202085,202024,202027,202094,202083
202071,202025,202062,202022,202093,202017,202051,202077,202053,202041,202061,202040,202109,202016,202086,202082,202030,202072,202019,202108,202063,202076,202092,202064,202012,202028,202095,202021,202069,202014,202080,202066,202038,202060,202026,202089,202052,202010,202031,202102,202048,202007,202034,202087,202006,202013,202057,202107,202033,202036,202091,202081,202001,202002,202070,202074,202049,202045,202050,202067,202032,202104,202056,202058,202008,202088,202046,202097,202039,202018,202023,202106,202003,202029,202101,202084,202075,202005,202073,202054,202105,202043,202096,202047,202004,202068,202085,202011,202020,202059,202042,202099,202090,202079,202037,202065,202044,202098,202035,202078,202083,202024,202015,202094,202027,202100
202072,202082,202069,202077,202051,202081,202034,202010,202001,202062,202014,202052,202066,202025,202071,202108,202089,202076,202063,202031,202049,202064,202016,202093,202017,202086,202080,202026,202087,202053,202092,202030,202036,202022,202040,202060,202104,202012,202028,202061,202070,202038,202021,202019,202091,202032,202074,202041,202058,202018,202107,202033,202003,202095,202057,202002,202006,202007,202105,202050,202013,202048,202109,202068,202067,202106,202008,202102,202011,202042,202096,202043,202005,202045,202090,202073,202088,202097,202079,202039,202056,202075,202101,202046,202047,202054,202085,202004,202023,202029,202084,202037,202099,202059,202098,202044,202035,202083,202065,202020,202078,202024,202015,202094,202027,202100
202073,202050,202032,202054,202099,202045,202044,202043,202028,202059,202065,202008,202067,202021,202035,202063,202056,202004,202038,202106,202101,202013,202060,202068,202074,202033,202031,202076,202047,202005,202108,202046,202006,202011,202104,202085,202064,202088,202075,202002,202016,202080,202058,202007,202094,202037,202022,202003,202029,202091,202053,202026,202102,202096,202086,202024,202020,202078,202034,202062,202014,202048,202057,202052,202012,202010,202041,202025,202015,202109,202107,202027,202040,202051,202017,202042,202036,202071,202077,202084,202030,202098,202082,202072,202081,202090,202061,202039,202097,202023,202018,202019,202087,202089,202066,202083,202069,202070,202093,202079,202092,202095,202105,202001,202100,202049
202074,202076,202032,202026,202058,202064,202063,202060,202050,202096,202043,202021,202088,202028,202080,202067,202031,202059,202106,202056,202102,202011,202034,202068,202013,202073,202022,202086,202014,202108,202006,202047,202010,202045,202002,202038,202035,202008,202062,202099,202101,202033,202007,202054,202046,202065,202052,202048,202044,202077,202081,202082,202037,202104,202075,202090,202051,202003,202072,202005,202017,202004,202053,202071,202098,202018,202016,202041,202091,202025,202061,202069,202078,202029,202012,202085,202039,202020,202089,202040,202015,202107,202084,202070,202109,202042,202030,202036,202093,202097,202057,202024,202066,202023,202001,202079,202019,202092,202087,202095,202094,202105,202027,202049,202083,202100
202075,202029,202006,202007,202008,202013,202024,202056,202048,202078,202045,202035,202084,202033,202023,202097,202004,202020,202044,202102,202067,202046,202107,202088,202039,202073,202091,202011,202104,202041,202064,202076,202022,202050,202074,202096,202108,202063,202032,202100,202021,202058,202062,202085,202059,202109,202028,202017,202015,202106,202027,202061,202065,202054,202031,202060,202099,202080,202026,202043,202077,202030,202019,202053,202071,202090,202068,202038,202012,202051,202016,202025,202002,202095,202086,202094,202079,202047,202092,202089,202072,202066,202101,202040,202057,202034,202082,202087,202014,202052,202070,202010,202037,202018,202093,202005,202036,202003,202069,202081,202098,202001,202049,202083,202042,202105
202076,202063,202064,202026,202074,202060,202080,202032,202021,202058,202028,202031,202086,202022,202034,202062,202108,202050,202014,202010,202077,202052,202067,202102,202006,202088,202082,202096,202043,202071,202072,202051,202038,202017,202013,202056,202081,202061,202007,202048,202045,202041,202002,202053,202025,202016,202033,202011,202091,202073,202106,202104,202068,202046,202008,202069,202059,202018,202101,202089,202047,202099,202030,202040,202012,202090,202003,202075,202070,202093,202005,202054,202109,202107,202039,202035,202065,202037,202066,202029,202036,202044,202004,202084,202057,202001,202098,202092,202019,202078,202097,202085,202087,202042,202095,202020,202023,202079,202015,202049,202024,202105,202094,202027,202083,202100
202077,202062,202051,202072,202082,202089,202022,202071,202069,202017,202108,202092,202093,202064,202080,202061,202076,202086,202025,202010,202063,202026,202001,202034,202031,202095,202021,202041,202087,202066,202052,202030,202053,202070,202014,202060,202091,202019,202007,202081,202028,202016,202006,202018,202049,202048,202040,202107,202058,202032,202074,202104,202012,202109,202013,202038,202036,202102,202067,202033,202039,202057,202050,202056,202096,202008,202097,202002,202011,202088,202045,202084,202079,202046,202068,202090,202043,202075,202003,202023,202029,202106,202073,202105,202005,202101,202054,202085,202059,202004,202099,202042,202047,202035,202037,202098,202020,202044,202078,202065,202024,202015,202083,202100,202094,202027
202078,202035,202075,202015,202056,202046,202029,202006,202084,202045,202096,202011,202088,202100,202067,202102,202048,202059,202044,202039,202007,202008,202099,202058,202024,202090,202065,202013,202073,202074,202020,202064,202027,202043,202032,202076,202004,202050,202097,202091,202021,202033,202023,202063,202104,202080,202041,202068,202060,202022,202061,202026,202054,202106,202107,202031,202079,202017,202028,202108,202062,202094,202047,202086,202101,202085,202018,202077,202002,202037,202030,202071,202038,202109,202070,202034,202089,202053,202052,202098,202016,202051,202025,202019,202014,202005,202072,202010,202012,202095,202082,202092,202066,202003,202040,202081,202093,202087,202069,202057,202036,202001,202042,202049,202083,202105
202079,202039,202070,202090,202089,202091,202018,202048,202011,202061,202017,202064,202084,202058,202006,202030,202080,202007,202096,202067,202041,202077,202031,202062,202097,202104,202107,202092,202066,202076,202046,202001,202086,202013,202068,202034,202032,202072,202052,202075,202108,202078,202087,202063,202021,202019,202022,202095,202074,202026,202102,202069,202056,202071,202008,202029,202051,202093,202033,202010,202088,202060,202082,202014,202049,202023,202081,202045,202043,202050,202099,202100,202035,202028,202015,202073,202025,202059,202016,202053,202038,202109,202044,202024,202004,202012,202040,202106,202065,202036,202020,202002,202054,202057,202003,202101,202047,202085,202005,202037,202098,202105,202042,202027,202094,202083
202080,202086,202064,202076,202021,202031,202026,202052,202060,202034,202063,202058,202018,202032,202010,202062,202067,202077,202014,202017,202028,202074,202022,202061,202108,202043,202089,202070,202091,202011,202071,202096,202072,202046,202082,202006,202041,202081,202050,202068,202051,202102,202048,202030,202056,202090,202088,202038,202007,202099,202069,202013,202104,202053,202045,202059,202016,202025,202001,202073,202039,202093,202101,202033,202008,202066,202084,202002,202040,202079,202092,202107,202106,202005,202047,202003,202087,202065,202054,202109,202075,202019,202036,202012,202042,202095,202035,202037,202029,202078,202057,202098,202097,202049,202044,202015,202105,202004,202023,202085,202020,202024,202094,202027,202100,202083
202081,202014,202010,202034,202082,202052,202072,202069,202026,202063,202001,202076,202086,202031,202080,202077,202051,202105,202060,202064,202028,202003,202071,202074,202062,202018,202025,202058,202093,202042,202032,202038,202016,202002,202108,202089,202021,202070,202053,202040,202036,202022,202017,202066,202049,202043,202061,202050,202012,202005,202068,202030,202106,202104,202101,202047,202091,202096,202057,202092,202041,202087,202067,202037,202098,202033,202088,202090,202102,202011,202006,202013,202073,202019,202048,202109,202007,202107,202095,202059,202056,202045,202008,202099,202054,202046,202039,202079,202085,202065,202075,202004,202035,202097,202044,202084,202029,202083,202023,202078,202020,202015,202024,202094,202027,202100
202082,202072,202051,202010,202069,202081,202077,202014,202063,202034,202025,202052,202076,202026,202071,202040,202093,202062,202001,202053,202060,202016,202028,202086,202022,202031,202108,202080,202012,202038,202064,202036,202002,202021,202089,202066,202074,202003,202092,202017,202032,202105,202061,202049,202057,202030,202058,202109,202087,202041,202070,202018,202095,202050,202106,202019,202033,202042,202091,202104,202006,202102,202005,202088,202043,202013,202007,202101,202107,202048,202096,202067,202047,202056,202098,202068,202008,202037,202073,202045,202011,202085,202054,202090,202046,202039,202075,202097,202059,202004,202029,202099,202023,202079,202084,202065,202083,202044,202035,202020,202078,202024,202015,202094,202027,202100
202083,202057,202012,202036,202085,202002,202040,202003,202038,202053,202005,202016,202106,202054,202025,202109,202004,202028,202033,202042,202050,202108,202037,202101,202047,202051,202105,202008,202060,202044,202073,202045,202094,202082,202020,202022,202063,202071,202021,202014,202062,202013,202076,202072,202010,202098,202074,202104,202026,202032,202065,202087,202024,202034,202031,202077,202007,202081,202107,202056,202019,202043,202029,202086,202052,202064,202006,202069,202023,202059,202102,202068,202075,202093,202041,202080,202088,202067,202066,202095,202099,202049,202027,202017,202030,202035,202048,202091,202092,202058,202046,202061,202097,202011,202001,202089,202096,202078,202084,202018,202070,202039,202015,202090,202079,202100
202084,202039,202048,202006,202097,202007,202029,202046,202075,202041,202056,202067,202013,202091,202102,202023,202078,202061,202022,202100,202064,202017,202045,202107,202096,202008,202079,202011,202088,202062,202021,202030,202076,202035,202080,202058,202090,202033,202108,202024,202015,202077,202020,202019,202063,202095,202089,202032,202074,202031,202086,202092,202104,202071,202070,202026,202109,202050,202059,202073,202004,202099,202028,202060,202044,202018,202051,202066,202093,202065,202053,202087,202025,202068,202043,202016,202072,202054,202034,202027,202038,202052,202085,202082,202012,202010,202069,202014,202040,202106,202101,202001,202002,202057,202047,202094,202081,202036,202049,202005,202037,202098,202003,202042,202105,202083
202085,202004,202054,202020,202044,202106,202008,202033,202024,202012,202002,202038,202050,202045,202057,202109,202073,202053,202094,202028,202016,202013,202056,202108,202029,202005,202083,202040,202022,202075,202065,202021,202101,202025,202036,202047,202063,202007,202060,202035,202003,202032,202074,202027,202037,202006,202076,202051,202023,202088,202102,202059,202062,202067,202104,202026,202043,202107,202031,202064,202071,202099,202041,202098,202082,202048,202077,202046,202097,202010,202080,202068,202014,202086,202091,202072,202096,202019,202078,202058,202034,202042,202011,202084,202087,202017,202095,202030,202052,202081,202061,202093,202066,202069,202015,202092,202039,202105,202089,202049,202100,202018,202090,202001,202070,202079
202086,202080,202052,202021,202031,202014,202064,202063,202076,202034,202026,202010,202028,202060,202022,202062,202017,202077,202071,202032,202061,202108,202041,202082,202018,202081,202051,202067,202058,202030,202089,202072,202091,202074,202038,202070,202053,202016,202093,202025,202069,202050,202046,202001,202043,202006,202102,202013,202048,202068,202056,202040,202088,202096,202066,202007,202011,202101,202045,202099,202104,202073,202092,202033,202059,202005,202109,202036,202039,202002,202019,202087,202090,202003,202012,202107,202008,202047,202042,202057,202084,202095,202054,202105,202049,202106,202065,202079,202097,202075,202037,202029,202098,202035,202004,202044,202085,202078,202015,202023,202020,202024,202094,202083,202027,202100
202087,202066,202019,202062,202049,202030,202092,202108,202077,202095,202107,202051,202089,202025,202072,202017,202053,202071,202016,202091,202104,202036,202041,202007,202022,202057,202001,202031,202033,202093,202082,202040,202012,202061,202069,202109,202064,202013,202034,202006,202048,202021,202086,202080,202052,202076,202008,202063,202038,202010,202014,202097,202070,202028,202067,202023,202081,202026,202032,202060,202050,202018,202079,202068,202039,202045,202029,202084,202058,202074,202011,202003,202075,202002,202056,202102,202105,202073,202004,202046,202085,202106,202054,202096,202005,202043,202088,202090,202099,202020,202042,202024,202083,202044,202101,202059,202035,202078,202047,202065,202037,202098,202094,202100,202015,202027
202088,202102,202056,202059,202096,202074,202076,202063,202060,202035,202026,202045,202065,202046,202043,202015,202021,202058,202006,202032,202022,202064,202028,202047,202078,202101,202075,202080,202067,202073,202050,202044,202106,202029,202098,202013,202048,202020,202099,202086,202007,202037,202002,202084,202054,202039,202041,202011,202008,202090,202061,202031,202004,202038,202062,202071,202108,202033,202077,202010,202109,202024,202017,202082,202005,202085,202091,202051,202053,202014,202034,202052,202097,202025,202018,202016,202023,202068,202027,202012,202040,202104,202081,202072,202093,202070,202094,202069,202003,202107,202030,202089,202100,202057,202095,202092,202019,202042,202079,202036,202066,202001,202087,202105,202083,202049
202089,202070,202017,202077,202061,202001,202062,202030,202066,202092,202072,202064,202018,202091,202080,202069,202041,202087,202086,202079,202049,202093,202052,202071,202031,202034,202048,202051,202019,202095,202108,202076,202107,202022,202082,202039,202058,202007,202006,202010,202014,202104,202063,202026,202021,202081,202025,202067,202090,202011,202013,202032,202060,202097,202053,202074,202084,202016,202028,202068,202033,202096,202102,202046,202008,202040,202050,202038,202036,202109,202056,202012,202075,202045,202023,202088,202057,202029,202043,202073,202002,202099,202003,202105,202078,202106,202059,202035,202004,202005,202101,202054,202042,202047,202044,202085,202020,202065,202015,202024,202037,202098,202100,202083,202094,202027
202090,202058,202096,202011,202018,202079,202064,202039,202070,202080,202076,202074,202067,202048,202061,202032,202006,202078,202046,202026,202091,202088,202031,202089,202043,202102,202063,202068,202084,202017,202086,202034,202015,202052,202021,202060,202056,202007,202077,202035,202059,202099,202075,202062,202041,202104,202013,202010,202022,202072,202014,202081,202050,202030,202045,202069,202108,202073,202028,202001,202097,202082,202008,202071,202029,202107,202033,202051,202065,202066,202092,202093,202044,202106,202100,202047,202101,202038,202025,202098,202019,202023,202095,202002,202016,202053,202037,202087,202054,202004,202003,202024,202020,202005,202109,202049,202012,202040,202042,202085,202036,202057,202027,202105,202094,202083
202091,202030,202006,202017,202048,202041,202031,202064,202107,202104,202007,202062,202067,202108,202013,202089,202061,202080,202011,202066,202021,202063,202039,202022,202086,202076,202077,202046,202084,202019,202033,202032,202079,202008,202097,202058,202087,202092,202070,202071,202075,202068,202052,202034,202072,202050,202051,202028,202045,202056,202016,202029,202073,202018,202025,202074,202053,202060,202095,202090,202096,202014,202102,202026,202038,202082,202010,202099,202109,202001,202093,202088,202069,202023,202078,202043,202035,202081,202012,202040,202049,202004,202057,202036,202059,202044,202054,202002,202106,202024,202020,202003,202085,202101,202065,202015,202005,202047,202100,202042,202037,202105,202094,202027,202098,202083
202092,202095,202019,202066,202077,202093,202089,202030,202087,202062,202061,202041,202017,202071,202051,202049,202072,202001,202022,202107,202025,202069,202070,202091,202082,202048,202108,202097,202007,202006,202109,202064,202053,202086,202039,202040,202016,202080,202076,202063,202031,202012,202013,202052,202023,202021,202033,202104,202084,202079,202034,202010,202026,202014,202036,202081,202018,202102,202028,202057,202060,202067,202008,202038,202058,202029,202075,202032,202056,202074,202046,202045,202050,202088,202011,202096,202090,202002,202068,202004,202073,202003,202105,202085,202106,202020,202043,202078,202024,202054,202005,202101,202035,202099,202059,202044,202047,202042,202065,202100,202037,202098,202083,202015,202027,202094
202093,202071,202069,202077,202092,202051,202061,202082,202062,202095,202022,202025,202001,202072,202017,202041,202089,202066,202019,202086,202030,202040,202049,202053,202070,202026,202010,202014,202081,202076,202063,202109,202064,202080,202052,202108,202087,202016,202012,202028,202034,202021,202060,202031,202102,202048,202091,202036,202038,202007,202107,202018,202006,202013,202074,202057,202097,202039,202058,202033,202002,202032,202088,202105,202056,202067,202023,202084,202050,202046,202104,202096,202045,202008,202079,202003,202029,202090,202075,202106,202101,202005,202043,202011,202047,202042,202068,202073,202085,202054,202020,202004,202098,202059,202037,202099,202065,202035,202078,202044,202024,202083,202015,202100,202094,202027
202094,202027,202044,202054,202065,202004,202085,202020,202045,202073,202024,202059,202035,202056,202050,202101,202106,202099,202008,202047,202029,202005,202037,202075,202038,202028,202088,202043,202013,202033,202021,202002,202067,202046,202078,202032,202060,202102,202015,202074,202109,202006,202007,202053,202108,202063,202022,202016,202057,202098,202083,202076,202012,202003,202023,202068,202011,202026,202104,202040,202096,202064,202031,202048,202084,202025,202080,202058,202062,202036,202041,202042,202086,202107,202091,202071,202051,202097,202100,202014,202034,202010,202017,202077,202039,202082,202052,202030,202061,202019,202072,202090,202087,202081,202095,202018,202093,202066,202089,202069,202105,202092,202070,202079,202001,202049
202095,202092,202019,202077,202062,202087,202093,202041,202071,202051,202066,202061,202022,202030,202017,202025,202107,202109,202089,202097,202007,202023,202048,202108,202049,202053,202072,202006,202040,202091,202069,202012,202082,202001,202016,202013,202039,202064,202033,202070,202084,202076,202021,202086,202063,202102,202057,202029,202080,202036,202104,202031,202026,202008,202028,202075,202010,202056,202060,202038,202052,202045,202034,202067,202014,202079,202018,202081,202046,202074,202058,202032,202088,202050,202002,202020,202004,202085,202096,202011,202024,202090,202106,202073,202003,202068,202054,202078,202043,202105,202044,202005,202035,202101,202059,202099,202100,202047,202083,202065,202042,202037,202098,202015,202027,202094
202096,202058,202090,202074,202088,202011,202032,202076,202064,202026,202056,202102,202043,202067,202080,202035,202059,202063,202006,202078,202046,202060,202015,202021,202039,202018,202048,202031,202075,202084,202099,202086,202007,202050,202068,202022,202013,202073,202045,202034,202091,202028,202061,202065,202077,202062,202008,202010,202079,202070,202108,202041,202029,202017,202044,202052,202104,202014,202047,202106,202089,202082,202033,202101,202098,202081,202097,202072,202051,202037,202069,202054,202071,202004,202038,202002,202024,202020,202107,202030,202053,202023,202016,202093,202005,202025,202100,202085,202003,202001,202092,202109,202066,202012,202027,202040,202095,202019,202087,202042,202036,202094,202057,202049,202105,202083
202097,202048,202023,202007,202084,202041,202006,202107,202029,202039,202013,202075,202019,202091,202095,202061,202022,202033,202008,202017,202062,202030,202092,202102,202056,202064,202108,202066,202067,202046,202109,202020,202024,202077,202045,202071,202104,202089,202076,202051,202079,202004,202078,202087,202025,202063,202021,202100,202093,202088,202074,202096,202058,202011,202053,202031,202032,202080,202035,202050,202012,202086,202070,202026,202072,202016,202028,202090,202044,202085,202073,202069,202060,202040,202082,202038,202057,202068,202034,202049,202018,202054,202014,202059,202036,202052,202015,202002,202001,202106,202010,202099,202065,202043,202027,202081,202101,202047,202003,202094,202005,202037,202098,202083,202042,202105
202098,202037,202047,202101,202060,202106,202043,202002,202005,202026,202088,202059,202065,202074,202028,202042,202063,202076,202010,202054,202003,202102,202032,202021,202038,202096,202050,202056,202082,202014,202058,202080,202073,202081,202034,202044,202045,202099,202022,202085,202035,202086,202064,202052,202040,202053,202031,202051,202012,202016,202015,202004,202077,202025,202067,202108,202071,202072,202069,202094,202046,202020,202062,202109,202105,202068,202018,202006,202057,202036,202011,202008,202033,202013,202090,202075,202078,202093,202027,202007,202083,202061,202029,202041,202017,202024,202048,202104,202070,202091,202001,202039,202089,202084,202023,202030,202095,202107,202092,202097,202066,202087,202019,202049,202079,202100
202099,202059,202043,202073,202067,202065,202050,202032,202068,202046,202045,202011,202021,202054,202056,202060,202035,202044,202074,202058,202101,202080,202028,202064,202076,202031,202047,202063,202008,202088,202015,202096,202078,202013,202006,202086,202106,202005,202026,202038,202102,202104,202108,202037,202007,202034,202091,202033,202075,202004,202094,202048,202022,202052,202014,202029,202090,202062,202002,202017,202003,202018,202010,202016,202084,202027,202041,202053,202020,202042,202085,202098,202039,202024,202061,202071,202077,202030,202107,202025,202081,202051,202109,202072,202082,202057,202089,202012,202040,202070,202036,202079,202097,202023,202087,202069,202019,202066,202093,202100,202105,202001,202092,202095,202083,202049
202100,202078,202084,202075,202029,202039,202024,202097,202015,202023,202035,202048,202006,202056,202007,202046,202102,202020,202027,202045,202096,202088,202013,202008,202067,202011,202044,202090,202041,202079,202091,202004,202107,202059,202061,202058,202064,202033,202022,202065,202073,202074,202099,202076,202017,202021,202104,202032,202062,202063,202050,202080,202108,202095,202094,202109,202043,202030,202085,202019,202077,202026,202060,202031,202054,202092,202089,202070,202068,202028,202071,202018,202086,202106,202051,202053,202066,202025,202047,202087,202101,202038,202093,202012,202016,202002,202072,202034,202082,202052,202037,202040,202098,202010,202069,202014,202057,202005,202001,202081,202036,202003,202049,202042,202083,202105
202101,202047,202005,202037,202028,202054,202060,202065,202059,202038,202043,202106,202002,202050,202073,202098,202063,202021,202042,202074,202032,202088,202076,202099,202003,202026,202045,202056,202014,202044,202053,202016,202086,202102,202010,202080,202022,202085,202031,202040,202064,202067,202046,202004,202034,202108,202035,202052,202094,202012,202058,202025,202013,202057,202082,202033,202109,202068,202071,202008,202081,202096,202020,202051,202036,202062,202006,202015,202011,202077,202041,202007,202072,202075,202105,202104,202029,202017,202083,202027,202091,202078,202048,202061,202024,202069,202018,202093,202030,202090,202084,202107,202039,202089,202023,202070,202019,202066,202097,202001,202087,202095,202092,202049,202079,202100
202102,202088,202056,202022,202076,202006,202045,202046,202063,202074,202048,202060,202064,202026,202021,202096,202075,202041,202007,202061,202029,202059,202084,202080,202039,202013,202067,202058,202028,202071,202078,202062,202020,202035,202032,202065,202086,202017,202050,202109,202015,202008,202077,202043,202023,202108,202097,202033,202073,202101,202002,202047,202044,202106,202053,202051,202031,202091,202025,202004,202038,202011,202099,202090,202054,202093,202082,202024,202016,202012,202040,202010,202098,202107,202014,202085,202034,202037,202030,202070,202018,202052,202095,202072,202104,202089,202069,202092,202019,202005,202081,202068,202027,202057,202100,202066,202079,202094,202003,202036,202087,202001,202042,202049,202105,202083
202104,202108,202033,202091,202107,202008,202031,202007,202068,202006,202013,202064,202062,202011,202067,202050,202032,202076,202030,202048,202063,202017,202021,202073,202034,202016,202072,202087,202058,202066,202080,202077,202075,202045,202074,202028,202038,202041,202053,202089,202052,202022,202025,202051,202060,202019,202086,202014,202004,202071,202029,202036,202012,202057,202099,202106,202061,202026,202056,202003,202046,202082,202043,202010,202097,202044,202002,202035,202096,202079,202054,202092,202039,202084,202081,202040,202109,202018,202102,202070,202090,202085,202069,202078,202023,202095,202049,202024,202088,202059,202001,202005,202020,202093,202101,202065,202047,202042,202037,202105,202015,202094,202083,202027,202098,202100
202105,202042,202014,202081,202010,202003,202036,202082,202034,202052,202072,202038,202069,202040,202016,202005,202025,202051,202053,202028,202057,202086,202002,202060,202001,202026,202031,202012,202049,202063,202071,202077,202108,202076,202080,202062,202093,202021,202101,202032,202050,202106,202022,202064,202074,202047,202066,202087,202037,202083,202017,202089,202068,202043,202018,202098,202030,202109,202054,202104,202058,202033,202070,202073,202092,202061,202019,202041,202067,202013,202091,202085,202095,202099,202008,202045,202107,202102,202088,202059,202007,202006,202011,202096,202056,202004,202065,202048,202046,202044,202090,202075,202035,202039,202020,202029,202097,202079,202023,202084,202094,202024,202078,202015,202027,202100
202106,202002,202037,202047,202054,202005,202050,202003,202038,202060,202101,202028,202074,202073,202085,202044,202063,202043,202004,202076,202045,202032,202065,202033,202012,202098,202059,202026,202021,202016,202008,202053,202108,202088,202056,202057,202042,202040,202035,202025,202099,202102,202013,202064,202022,202014,202031,202010,202036,202020,202034,202058,202082,202104,202067,202068,202051,202109,202006,202080,202075,202083,202062,202094,202007,202071,202081,202072,202096,202052,202086,202024,202029,202011,202077,202046,202048,202027,202078,202041,202107,202017,202069,202091,202105,202023,202061,202015,202030,202093,202018,202090,202019,202087,202066,202097,202084,202089,202039,202095,202092,202001,202070,202049,202079,202100
202107,202007,202019,202033,202013,202048,202030,202091,202104,202006,202041,202108,202062,202097,202066,202008,202017,202087,202023,202095,202092,202022,202075,202029,202064,202025,202077,202071,202061,202089,202016,202067,202051,202053,202109,202031,202084,202072,202076,202039,202045,202012,202021,202063,202050,202004,202057,202032,202080,202011,202038,202056,202028,202046,202086,202036,202040,202049,202068,202102,202074,202079,202058,202093,202073,202034,202082,202024,202070,202060,202069,202026,202020,202052,202014,202085,202001,202044,202078,202002,202010,202096,202035,202106,202088,202054,202018,202081,202099,202090,202003,202043,202059,202005,202065,202101,202100,202047,202083,202015,202027,202094,202105,202037,202042,202098
202108,202062,202016,202053,202033,202021,202031,202022,202025,202051,202013,202104,202063,202028,202038,202076,202050,202077,202064,202007,202008,202107,202032,202006,202091,202036,202017,202071,202072,202057,202030,202012,202041,202087,202060,202067,202080,202086,202034,202040,202109,202082,202014,202066,202026,202045,202048,202019,202074,202010,202073,202052,202068,202089,202056,202002,202061,202003,202004,202058,202054,202106,202092,202095,202011,202069,202085,202075,202029,202102,202081,202093,202046,202005,202097,202043,202049,202099,202023,202088,202044,202084,202101,202096,202001,202018,202039,202070,202059,202020,202047,202035,202024,202065,202042,202105,202037,202079,202090,202078,202083,202098,202094,202015,202027,202100
202109,202053,202012,202040,202025,202022,202016,202071,202057,202051,202108,202062,202038,202041,202033,202028,202019,202095,202013,202045,202085,202036,202007,202021,202023,202063,202002,202077,202006,202008,202102,202107,202029,202093,202004,202056,202020,202076,202060,202017,202030,202082,202092,202050,202087,202048,202061,202054,202097,202086,202026,202075,202064,202106,202072,202066,202091,202088,202031,202080,202073,202005,202067,202014,202074,202104,202101,202032,202046,202010,202024,202084,202069,202083,202003,202044,202047,202034,202052,202089,202065,202039,202049,202081,202059,202058,202037,202043,202035,202094,202001,202099,202096,202070,202042,202098,202011,202068,202078,202105,202027,202018,202015,202090,202079,202100
